{
  "id": "1224355",
  "name": "CRM",
  "font_family": "iconfont",
  "css_prefix_text": "icon",
  "description": "",
  "glyphs": [
    {
      "icon_id": "79078",
      "name": "键盘",
      "font_class": "jianpan",
      "unicode": "e654",
      "unicode_decimal": 58964
    },
    {
      "icon_id": "285094",
      "name": "时间",
      "font_class": "shijian",
      "unicode": "e620",
      "unicode_decimal": 58912
    },
    {
      "icon_id": "392197",
      "name": "日历",
      "font_class": "13",
      "unicode": "e6c4",
      "unicode_decimal": 59076
    },
    {
      "icon_id": "406343",
      "name": "进货管理",
      "font_class": "jinhuoguanli",
      "unicode": "e67c",
      "unicode_decimal": 59004
    },
    {
      "icon_id": "577312",
      "name": "加号",
      "font_class": "jiahao",
      "unicode": "e726",
      "unicode_decimal": 59174
    },
    {
      "icon_id": "577324",
      "name": "圆形选中",
      "font_class": "yuanxingxuanzhong",
      "unicode": "e731",
      "unicode_decimal": 59185
    },
    {
      "icon_id": "577334",
      "name": "店铺",
      "font_class": "dianpu",
      "unicode": "e736",
      "unicode_decimal": 59190
    },
    {
      "icon_id": "577335",
      "name": "订单",
      "font_class": "dingdan",
      "unicode": "e737",
      "unicode_decimal": 59191
    },
    {
      "icon_id": "577346",
      "name": "列表形式",
      "font_class": "liebiaoxingshi",
      "unicode": "e742",
      "unicode_decimal": 59202
    },
    {
      "icon_id": "577359",
      "name": "设置",
      "font_class": "shezhi",
      "unicode": "e74c",
      "unicode_decimal": 59212
    },
    {
      "icon_id": "577394",
      "name": "向上1",
      "font_class": "xiangshang1",
      "unicode": "e76d",
      "unicode_decimal": 59245
    },
    {
      "icon_id": "577398",
      "name": "向下1",
      "font_class": "xiangxia1",
      "unicode": "e773",
      "unicode_decimal": 59251
    },
    {
      "icon_id": "577399",
      "name": "向下2",
      "font_class": "xiangxia2",
      "unicode": "e772",
      "unicode_decimal": 59250
    },
    {
      "icon_id": "579551",
      "name": "刷新",
      "font_class": "shuaxin1",
      "unicode": "e782",
      "unicode_decimal": 59266
    },
    {
      "icon_id": "616958",
      "name": "附近店（版本2）",
      "font_class": "fujindianbanben2",
      "unicode": "e645",
      "unicode_decimal": 58949
    },
    {
      "icon_id": "619756",
      "name": "冷冻疗法",
      "font_class": "112",
      "unicode": "e65f",
      "unicode_decimal": 58975
    },
    {
      "icon_id": "725951",
      "name": "电话",
      "font_class": "dianhua",
      "unicode": "e675",
      "unicode_decimal": 58997
    },
    {
      "icon_id": "736211",
      "name": "雪花2",
      "font_class": "icon15",
      "unicode": "e661",
      "unicode_decimal": 58977
    },
    {
      "icon_id": "789636",
      "name": "人群",
      "font_class": "renqun-copy",
      "unicode": "e632",
      "unicode_decimal": 58930
    },
    {
      "icon_id": "813851",
      "name": "券",
      "font_class": "quan",
      "unicode": "e636",
      "unicode_decimal": 58934
    },
    {
      "icon_id": "818844",
      "name": "R标",
      "font_class": "rbiao",
      "unicode": "e659",
      "unicode_decimal": 58969
    },
    {
      "icon_id": "955708",
      "name": "生日",
      "font_class": "shengri",
      "unicode": "e6bb",
      "unicode_decimal": 59067
    },
    {
      "icon_id": "966729",
      "name": "名称",
      "font_class": "mingcheng-copy",
      "unicode": "e63b",
      "unicode_decimal": 58939
    },
    {
      "icon_id": "1058174",
      "name": "品牌",
      "font_class": "pinpai",
      "unicode": "e630",
      "unicode_decimal": 58928
    },
    {
      "icon_id": "1075958",
      "name": "找车位",
      "font_class": "zhaochewei",
      "unicode": "e667",
      "unicode_decimal": 58983
    },
    {
      "icon_id": "1091358",
      "name": "红包",
      "font_class": "hongbao",
      "unicode": "e6cc",
      "unicode_decimal": 59084
    },
    {
      "icon_id": "1137382",
      "name": "安全",
      "font_class": "safe",
      "unicode": "e655",
      "unicode_decimal": 58965
    },
    {
      "icon_id": "1142516",
      "name": "眼睛",
      "font_class": "yanjing",
      "unicode": "e6b0",
      "unicode_decimal": 59056
    },
    {
      "icon_id": "1167185",
      "name": "刷新",
      "font_class": "shuaxin",
      "unicode": "e66a",
      "unicode_decimal": 58986
    },
    {
      "icon_id": "1177651",
      "name": "冻结",
      "font_class": "dongjie",
      "unicode": "e65d",
      "unicode_decimal": 58973
    },
    {
      "icon_id": "1215296",
      "name": "会员",
      "font_class": "huiyuan1",
      "unicode": "e61c",
      "unicode_decimal": 58908
    },
    {
      "icon_id": "1244747",
      "name": "提醒",
      "font_class": "iconfontzhizuobiaozhun41",
      "unicode": "e619",
      "unicode_decimal": 58905
    },
    {
      "icon_id": "1346662",
      "name": "默认头像",
      "font_class": "morentouxiang",
      "unicode": "e66b",
      "unicode_decimal": 58987
    },
    {
      "icon_id": "1371883",
      "name": "笑脸",
      "font_class": "xiaolian",
      "unicode": "e61a",
      "unicode_decimal": 58906
    },
    {
      "icon_id": "1416627",
      "name": "筛选",
      "font_class": "shaixuan",
      "unicode": "e6a7",
      "unicode_decimal": 59047
    },
    {
      "icon_id": "1435237",
      "name": "密码",
      "font_class": "mima",
      "unicode": "e663",
      "unicode_decimal": 58979
    },
    {
      "icon_id": "1466970",
      "name": "搜索",
      "font_class": "sousuo",
      "unicode": "e6bc",
      "unicode_decimal": 59068
    },
    {
      "icon_id": "1490838",
      "name": "成长值",
      "font_class": "chengchangzhi",
      "unicode": "e634",
      "unicode_decimal": 58932
    },
    {
      "icon_id": "1524810",
      "name": "yly_审核",
      "font_class": "yly_shenhe",
      "unicode": "e61b",
      "unicode_decimal": 58907
    },
    {
      "icon_id": "1566178",
      "name": "余额",
      "font_class": "yue",
      "unicode": "e697",
      "unicode_decimal": 59031
    },
    {
      "icon_id": "1617818",
      "name": "1116加载中",
      "font_class": "jiazaizhong",
      "unicode": "e6af",
      "unicode_decimal": 59055
    },
    {
      "icon_id": "1641833",
      "name": "扫描",
      "font_class": "saomiao",
      "unicode": "e71c",
      "unicode_decimal": 59164
    },
    {
      "icon_id": "1662789",
      "name": "门店",
      "font_class": "weibiaoti--1",
      "unicode": "e61e",
      "unicode_decimal": 58910
    },
    {
      "icon_id": "1962093",
      "name": "礼物",
      "font_class": "liwu",
      "unicode": "e671",
      "unicode_decimal": 58993
    },
    {
      "icon_id": "2066481",
      "name": "券",
      "font_class": "quan1",
      "unicode": "e638",
      "unicode_decimal": 58936
    },
    {
      "icon_id": "2089304",
      "name": "库存",
      "font_class": "kucun",
      "unicode": "e677",
      "unicode_decimal": 58999
    },
    {
      "icon_id": "2205588",
      "name": "报表",
      "font_class": "baobiao",
      "unicode": "e605",
      "unicode_decimal": 58885
    },
    {
      "icon_id": "2207277",
      "name": "核销",
      "font_class": "hexiao",
      "unicode": "e60b",
      "unicode_decimal": 58891
    },
    {
      "icon_id": "2242523",
      "name": "收起",
      "font_class": "shouqi",
      "unicode": "e65a",
      "unicode_decimal": 58970
    },
    {
      "icon_id": "2255335",
      "name": "注册",
      "font_class": "zhuce1",
      "unicode": "e647",
      "unicode_decimal": 58951
    },
    {
      "icon_id": "2372821",
      "name": "注册",
      "font_class": "zhuce",
      "unicode": "e612",
      "unicode_decimal": 58898
    },
    {
      "icon_id": "2380558",
      "name": "充值",
      "font_class": "chongzhi",
      "unicode": "e631",
      "unicode_decimal": 58929
    },
    {
      "icon_id": "2490563",
      "name": "分享",
      "font_class": "fenxiang1",
      "unicode": "e633",
      "unicode_decimal": 58931
    },
    {
      "icon_id": "2532313",
      "name": "损益表",
      "font_class": "sunyibiao",
      "unicode": "e6b9",
      "unicode_decimal": 59065
    },
    {
      "icon_id": "2533127",
      "name": "档案 (1)",
      "font_class": "dangan",
      "unicode": "e68b",
      "unicode_decimal": 59019
    },
    {
      "icon_id": "2674861",
      "name": "二维码",
      "font_class": "qrcode",
      "unicode": "e63f",
      "unicode_decimal": 58943
    },
    {
      "icon_id": "2839466",
      "name": "时间",
      "font_class": "shijian1",
      "unicode": "e62b",
      "unicode_decimal": 58923
    },
    {
      "icon_id": "2877855",
      "name": "首页",
      "font_class": "shouye",
      "unicode": "e62e",
      "unicode_decimal": 58926
    },
    {
      "icon_id": "2924405",
      "name": "退货",
      "font_class": "tuihuo",
      "unicode": "e744",
      "unicode_decimal": 59204
    },
    {
      "icon_id": "2987145",
      "name": "喇叭",
      "font_class": "laba",
      "unicode": "e65c",
      "unicode_decimal": 58972
    },
    {
      "icon_id": "3084870",
      "name": "审核",
      "font_class": "shenhe",
      "unicode": "e8cc",
      "unicode_decimal": 59596
    },
    {
      "icon_id": "3109221",
      "name": "调拨",
      "font_class": "tiaobo1",
      "unicode": "e610",
      "unicode_decimal": 58896
    },
    {
      "icon_id": "3136557",
      "name": "会员",
      "font_class": "huiyuan4",
      "unicode": "e625",
      "unicode_decimal": 58917
    },
    {
      "icon_id": "3140576",
      "name": "报表",
      "font_class": "baobiao1",
      "unicode": "e64e",
      "unicode_decimal": 58958
    },
    {
      "icon_id": "3176484",
      "name": "门店",
      "font_class": "mendian",
      "unicode": "e616",
      "unicode_decimal": 58902
    },
    {
      "icon_id": "3183103",
      "name": "信息",
      "font_class": "xinxi1",
      "unicode": "e64d",
      "unicode_decimal": 58957
    },
    {
      "icon_id": "3349608",
      "name": "管理员",
      "font_class": "guanliyuan",
      "unicode": "e628",
      "unicode_decimal": 58920
    },
    {
      "icon_id": "3447383",
      "name": "退出",
      "font_class": "tuichu",
      "unicode": "e60a",
      "unicode_decimal": 58890
    },
    {
      "icon_id": "3460195",
      "name": "验证",
      "font_class": "yanzheng",
      "unicode": "e639",
      "unicode_decimal": 58937
    },
    {
      "icon_id": "3599587",
      "name": "支付宝",
      "font_class": "zhifubao",
      "unicode": "e753",
      "unicode_decimal": 59219
    },
    {
      "icon_id": "3616483",
      "name": "要货管理",
      "font_class": "yaohuoguanli",
      "unicode": "e60e",
      "unicode_decimal": 58894
    },
    {
      "icon_id": "3696199",
      "name": "调拨",
      "font_class": "tiaobo",
      "unicode": "e6c5",
      "unicode_decimal": 59077
    },
    {
      "icon_id": "3773491",
      "name": "标签",
      "font_class": "biaoqian",
      "unicode": "e613",
      "unicode_decimal": 58899
    },
    {
      "icon_id": "3913362",
      "name": "配置",
      "font_class": "peizhi",
      "unicode": "e614",
      "unicode_decimal": 58900
    },
    {
      "icon_id": "4045037",
      "name": "评价",
      "font_class": "pingjia1",
      "unicode": "e656",
      "unicode_decimal": 58966
    },
    {
      "icon_id": "4046978",
      "name": "客服",
      "font_class": "kefu",
      "unicode": "e696",
      "unicode_decimal": 59030
    },
    {
      "icon_id": "4071478",
      "name": "提醒",
      "font_class": "remind",
      "unicode": "e7b3",
      "unicode_decimal": 59315
    },
    {
      "icon_id": "4158111",
      "name": "广告",
      "font_class": "guanggao",
      "unicode": "e7e7",
      "unicode_decimal": 59367
    },
    {
      "icon_id": "4165953",
      "name": "介绍",
      "font_class": "jieshao",
      "unicode": "e646",
      "unicode_decimal": 58950
    },
    {
      "icon_id": "4174312",
      "name": "绑定手机",
      "font_class": "bangdingshouji",
      "unicode": "e660",
      "unicode_decimal": 58976
    },
    {
      "icon_id": "4183068",
      "name": "切换",
      "font_class": "qiehuan",
      "unicode": "e627",
      "unicode_decimal": 58919
    },
    {
      "icon_id": "4294021",
      "name": "资料",
      "font_class": "ziliao1",
      "unicode": "e771",
      "unicode_decimal": 59249
    },
    {
      "icon_id": "4296598",
      "name": "销售",
      "font_class": "xiaoshou3",
      "unicode": "e617",
      "unicode_decimal": 58903
    },
    {
      "icon_id": "4459528",
      "name": "配货单",
      "font_class": "peihuodan",
      "unicode": "e652",
      "unicode_decimal": 58962
    },
    {
      "icon_id": "4465060",
      "name": "查询",
      "font_class": "chaxun",
      "unicode": "e682",
      "unicode_decimal": 59010
    },
    {
      "icon_id": "4538291",
      "name": "停车缴费",
      "font_class": "tingchejiaofei",
      "unicode": "e63c",
      "unicode_decimal": 58940
    },
    {
      "icon_id": "4677906",
      "name": "评价",
      "font_class": "pingjia",
      "unicode": "e623",
      "unicode_decimal": 58915
    },
    {
      "icon_id": "4681617",
      "name": "结算",
      "font_class": "jiesuan",
      "unicode": "e637",
      "unicode_decimal": 58935
    },
    {
      "icon_id": "4710623",
      "name": "积分",
      "font_class": "jifen",
      "unicode": "e945",
      "unicode_decimal": 59717
    },
    {
      "icon_id": "4710766",
      "name": "礼物",
      "font_class": "liwu1",
      "unicode": "e60c",
      "unicode_decimal": 58892
    },
    {
      "icon_id": "4724572",
      "name": "车位",
      "font_class": "chewei",
      "unicode": "e643",
      "unicode_decimal": 58947
    },
    {
      "icon_id": "4809758",
      "name": "优惠券",
      "font_class": "youhuiquan",
      "unicode": "e621",
      "unicode_decimal": 58913
    },
    {
      "icon_id": "4933365",
      "name": "皮肤",
      "font_class": "pifu",
      "unicode": "e743",
      "unicode_decimal": 59203
    },
    {
      "icon_id": "4933388",
      "name": "设置",
      "font_class": "shezhi1",
      "unicode": "e750",
      "unicode_decimal": 59216
    },
    {
      "icon_id": "5022863",
      "name": "验证码",
      "font_class": "yanzhengma",
      "unicode": "e666",
      "unicode_decimal": 58982
    },
    {
      "icon_id": "5072811",
      "name": "库存",
      "font_class": "kucun1",
      "unicode": "e607",
      "unicode_decimal": 58887
    },
    {
      "icon_id": "5187599",
      "name": "支付",
      "font_class": "zhifu",
      "unicode": "e68c",
      "unicode_decimal": 59020
    },
    {
      "icon_id": "5213266",
      "name": "会员",
      "font_class": "huiyuan3",
      "unicode": "e635",
      "unicode_decimal": 58933
    },
    {
      "icon_id": "5372835",
      "name": "未开放城市",
      "font_class": "weikaifangchengshi",
      "unicode": "e676",
      "unicode_decimal": 58998
    },
    {
      "icon_id": "5436172",
      "name": "卡",
      "font_class": "qia",
      "unicode": "e687",
      "unicode_decimal": 59015
    },
    {
      "icon_id": "5449512",
      "name": "采购员",
      "font_class": "gouwuche",
      "unicode": "e7f8",
      "unicode_decimal": 59384
    },
    {
      "icon_id": "5493205",
      "name": "最佳",
      "font_class": "dianzan",
      "unicode": "e63a",
      "unicode_decimal": 58938
    },
    {
      "icon_id": "5597651",
      "name": "购买",
      "font_class": "goumai",
      "unicode": "e648",
      "unicode_decimal": 58952
    },
    {
      "icon_id": "5766789",
      "name": "打印机-粗线条",
      "font_class": "dayinji-cuxiantiao",
      "unicode": "e6a2",
      "unicode_decimal": 59042
    },
    {
      "icon_id": "5835428",
      "name": "数据",
      "font_class": "shuju",
      "unicode": "e606",
      "unicode_decimal": 58886
    },
    {
      "icon_id": "5838253",
      "name": "采购",
      "font_class": "caigou",
      "unicode": "e7ad",
      "unicode_decimal": 59309
    },
    {
      "icon_id": "5926503",
      "name": "盘点",
      "font_class": "pandian",
      "unicode": "e603",
      "unicode_decimal": 58883
    },
    {
      "icon_id": "5969099",
      "name": "关于我们",
      "font_class": "guanyuwomen2",
      "unicode": "e673",
      "unicode_decimal": 58995
    },
    {
      "icon_id": "6067960",
      "name": "订单",
      "font_class": "icon-",
      "unicode": "e61f",
      "unicode_decimal": 58911
    },
    {
      "icon_id": "6151034",
      "name": "chart-line",
      "font_class": "chart-line",
      "unicode": "e790",
      "unicode_decimal": 59280
    },
    {
      "icon_id": "6188407",
      "name": "销售",
      "font_class": "xiaoshou4",
      "unicode": "e6d5",
      "unicode_decimal": 59093
    },
    {
      "icon_id": "6241649",
      "name": "仓库管理",
      "font_class": "cangkuguanli",
      "unicode": "e622",
      "unicode_decimal": 58914
    },
    {
      "icon_id": "6319123",
      "name": "点赞",
      "font_class": "dianzan-copy",
      "unicode": "e601",
      "unicode_decimal": 58881
    },
    {
      "icon_id": "6463205",
      "name": "我 的",
      "font_class": "wode",
      "unicode": "e615",
      "unicode_decimal": 58901
    },
    {
      "icon_id": "6608433",
      "name": "日历",
      "font_class": "rili",
      "unicode": "e600",
      "unicode_decimal": 58880
    },
    {
      "icon_id": "6820962",
      "name": "空车位",
      "font_class": "kongchewei",
      "unicode": "e680",
      "unicode_decimal": 59008
    },
    {
      "icon_id": "6838287",
      "name": "筛选 (1)",
      "font_class": "shaixuan1",
      "unicode": "e658",
      "unicode_decimal": 58968
    },
    {
      "icon_id": "6849059",
      "name": "异常订单",
      "font_class": "yichang",
      "unicode": "e65b",
      "unicode_decimal": 58971
    },
    {
      "icon_id": "6871598",
      "name": "升级",
      "font_class": "shengji",
      "unicode": "e71b",
      "unicode_decimal": 59163
    },
    {
      "icon_id": "7007916",
      "name": "盘点复盘",
      "font_class": "pandianfupan",
      "unicode": "e6b1",
      "unicode_decimal": 59057
    },
    {
      "icon_id": "7019188",
      "name": "提现",
      "font_class": "tixian",
      "unicode": "e657",
      "unicode_decimal": 58967
    },
    {
      "icon_id": "7068176",
      "name": "已完成",
      "font_class": "yiwancheng",
      "unicode": "e672",
      "unicode_decimal": 58994
    },
    {
      "icon_id": "7082908",
      "name": "调拨",
      "font_class": "tiaobo2",
      "unicode": "e608",
      "unicode_decimal": 58888
    },
    {
      "icon_id": "7120939",
      "name": "减号",
      "font_class": "jianhao",
      "unicode": "e7a3",
      "unicode_decimal": 59299
    },
    {
      "icon_id": "7155655",
      "name": "定位 位置 坐标 线性",
      "font_class": "dingweiweizhizuobiaoxianxing",
      "unicode": "e64f",
      "unicode_decimal": 58959
    },
    {
      "icon_id": "7213406",
      "name": "销售",
      "font_class": "xiaoshou",
      "unicode": "e602",
      "unicode_decimal": 58882
    },
    {
      "icon_id": "7218387",
      "name": "在线充值",
      "font_class": "gerenzhongxin-",
      "unicode": "e69a",
      "unicode_decimal": 59034
    },
    {
      "icon_id": "7235532",
      "name": "账号",
      "font_class": "zhanghao",
      "unicode": "e664",
      "unicode_decimal": 58980
    },
    {
      "icon_id": "7298196",
      "name": "预约",
      "font_class": "yuyue",
      "unicode": "e609",
      "unicode_decimal": 58889
    },
    {
      "icon_id": "7315625",
      "name": "gengduo",
      "font_class": "gengduo1",
      "unicode": "e64c",
      "unicode_decimal": 58956
    },
    {
      "icon_id": "7395457",
      "name": "账号密码登录-面",
      "font_class": "zhanghaomimadenglu-mian",
      "unicode": "ebd5",
      "unicode_decimal": 60373
    },
    {
      "icon_id": "7438414",
      "name": "注意",
      "font_class": "zhuyi",
      "unicode": "e66c",
      "unicode_decimal": 58988
    },
    {
      "icon_id": "7440290",
      "name": "二维码登录",
      "font_class": "erweimadenglu",
      "unicode": "e61d",
      "unicode_decimal": 58909
    },
    {
      "icon_id": "7444748",
      "name": "会员_使用完",
      "font_class": "huiyuan_shiyongwan",
      "unicode": "e662",
      "unicode_decimal": 58978
    },
    {
      "icon_id": "7459722",
      "name": "文件夹",
      "font_class": "weibiaoti-_huabanfuben",
      "unicode": "e665",
      "unicode_decimal": 58981
    },
    {
      "icon_id": "7461440",
      "name": "盘点",
      "font_class": "pandian1",
      "unicode": "e62d",
      "unicode_decimal": 58925
    },
    {
      "icon_id": "7464341",
      "name": "机构",
      "font_class": "jigou1",
      "unicode": "e670",
      "unicode_decimal": 58992
    },
    {
      "icon_id": "7468067",
      "name": "新-客诉",
      "font_class": "xin-kesu",
      "unicode": "e6bd",
      "unicode_decimal": 59069
    },
    {
      "icon_id": "7514024",
      "name": "打折",
      "font_class": "zu",
      "unicode": "e60f",
      "unicode_decimal": 58895
    },
    {
      "icon_id": "7628901",
      "name": "模块-库存调拨",
      "font_class": "mokuai-kucuntiaobo",
      "unicode": "e65e",
      "unicode_decimal": 58974
    },
    {
      "icon_id": "7658158",
      "name": "奖励",
      "font_class": "jiangli",
      "unicode": "e669",
      "unicode_decimal": 58985
    },
    {
      "icon_id": "7717382",
      "name": "内容",
      "font_class": "neirong",
      "unicode": "e63d",
      "unicode_decimal": 58941
    },
    {
      "icon_id": "7724793",
      "name": "导出",
      "font_class": "daochu",
      "unicode": "e668",
      "unicode_decimal": 58984
    },
    {
      "icon_id": "7772347",
      "name": "应收账款",
      "font_class": "yingshouzhangkuan",
      "unicode": "e683",
      "unicode_decimal": 59011
    },
    {
      "icon_id": "7772354",
      "name": "应付账款",
      "font_class": "yingfuzhangkuan",
      "unicode": "e685",
      "unicode_decimal": 59013
    },
    {
      "icon_id": "7774609",
      "name": "支付",
      "font_class": "zhifu2",
      "unicode": "e62a",
      "unicode_decimal": 58922
    },
    {
      "icon_id": "7780856",
      "name": "我的名片",
      "font_class": "wodemingpian",
      "unicode": "e684",
      "unicode_decimal": 59012
    },
    {
      "icon_id": "7803061",
      "name": "常用",
      "font_class": "changyong",
      "unicode": "e689",
      "unicode_decimal": 59017
    },
    {
      "icon_id": "7817334",
      "name": "超市售价调整",
      "font_class": "chaoshishoujiatiaozheng1",
      "unicode": "e651",
      "unicode_decimal": 58961
    },
    {
      "icon_id": "7871198",
      "name": "会员",
      "font_class": "huiyuan2",
      "unicode": "e62c",
      "unicode_decimal": 58924
    },
    {
      "icon_id": "7952981",
      "name": "返回右箭",
      "font_class": "fanhuiyoujian",
      "unicode": "e678",
      "unicode_decimal": 59000
    },
    {
      "icon_id": "8339467",
      "name": "高转化",
      "font_class": "gaozhuanhua",
      "unicode": "e644",
      "unicode_decimal": 58948
    },
    {
      "icon_id": "8351897",
      "name": "支付",
      "font_class": "zhifu1",
      "unicode": "e6b2",
      "unicode_decimal": 59058
    },
    {
      "icon_id": "8681459",
      "name": "删除／数字面板编辑态",
      "font_class": "message-close",
      "unicode": "e618",
      "unicode_decimal": 58904
    },
    {
      "icon_id": "8806783",
      "name": "新能源",
      "font_class": "ziyuan",
      "unicode": "e649",
      "unicode_decimal": 58953
    },
    {
      "icon_id": "9044497",
      "name": "金额",
      "font_class": "jine",
      "unicode": "e626",
      "unicode_decimal": 58918
    },
    {
      "icon_id": "9083582",
      "name": "导入",
      "font_class": "daoru",
      "unicode": "e82d",
      "unicode_decimal": 59437
    },
    {
      "icon_id": "9115184",
      "name": "右转",
      "font_class": "youzhuan",
      "unicode": "e650",
      "unicode_decimal": 58960
    },
    {
      "icon_id": "9119079",
      "name": "文章",
      "font_class": "wenzhang",
      "unicode": "e611",
      "unicode_decimal": 58897
    },
    {
      "icon_id": "9146538",
      "name": "退货",
      "font_class": "tuihuo1",
      "unicode": "e686",
      "unicode_decimal": 59014
    },
    {
      "icon_id": "9535355",
      "name": "新能源",
      "font_class": "xinnengyuan",
      "unicode": "e698",
      "unicode_decimal": 59032
    },
    {
      "icon_id": "9623703",
      "name": "领取",
      "font_class": "lingqu1",
      "unicode": "e709",
      "unicode_decimal": 59145
    },
    {
      "icon_id": "9626988",
      "name": "注意",
      "font_class": "zhuyi1",
      "unicode": "e88d",
      "unicode_decimal": 59533
    },
    {
      "icon_id": "9664591",
      "name": "保存",
      "font_class": "baocun1",
      "unicode": "e67d",
      "unicode_decimal": 59005
    },
    {
      "icon_id": "9699697",
      "name": "车牌",
      "font_class": "chepai",
      "unicode": "e604",
      "unicode_decimal": 58884
    },
    {
      "icon_id": "9749578",
      "name": "导出",
      "font_class": "daochu2",
      "unicode": "e66f",
      "unicode_decimal": 58991
    },
    {
      "icon_id": "9849672",
      "name": "分 享",
      "font_class": "fenxiang2",
      "unicode": "e66d",
      "unicode_decimal": 58989
    },
    {
      "icon_id": "9880187",
      "name": "添加",
      "font_class": "add",
      "unicode": "e6ad",
      "unicode_decimal": 59053
    },
    {
      "icon_id": "9954145",
      "name": "套餐活动",
      "font_class": "taocanhuodong",
      "unicode": "e653",
      "unicode_decimal": 58963
    },
    {
      "icon_id": "10001705",
      "name": "统计报表",
      "font_class": "tongjibaobiao",
      "unicode": "e624",
      "unicode_decimal": 58916
    },
    {
      "icon_id": "10030480",
      "name": "ic_注销",
      "font_class": "ic_zhuxiao",
      "unicode": "e699",
      "unicode_decimal": 59033
    },
    {
      "icon_id": "10033152",
      "name": "微信",
      "font_class": "weixin",
      "unicode": "e629",
      "unicode_decimal": 58921
    },
    {
      "icon_id": "10111170",
      "name": "支付",
      "font_class": "zhifu3",
      "unicode": "e60d",
      "unicode_decimal": 58893
    },
    {
      "icon_id": "10129869",
      "name": "折扣",
      "font_class": "zhekou",
      "unicode": "e6ac",
      "unicode_decimal": 59052
    },
    {
      "icon_id": "10194503",
      "name": "分 享",
      "font_class": "fenxiang",
      "unicode": "e62f",
      "unicode_decimal": 58927
    },
    {
      "icon_id": "10203531",
      "name": "解绑",
      "font_class": "jiebang",
      "unicode": "e674",
      "unicode_decimal": 58996
    },
    {
      "icon_id": "10400678",
      "name": "xinkezhaomu",
      "font_class": "weibiaoti-",
      "unicode": "e63e",
      "unicode_decimal": 58942
    },
    {
      "icon_id": "10400680",
      "name": "xibnkezhuanhuan",
      "font_class": "weibiaoti-1",
      "unicode": "e640",
      "unicode_decimal": 58944
    },
    {
      "icon_id": "10400683",
      "name": "shoucixiaofei",
      "font_class": "weibiaoti-2",
      "unicode": "e641",
      "unicode_decimal": 58945
    },
    {
      "icon_id": "10400686",
      "name": "chongzhijine",
      "font_class": "weibiaoti-3",
      "unicode": "e642",
      "unicode_decimal": 58946
    },
    {
      "icon_id": "10400687",
      "name": "xiaofeijine",
      "font_class": "weibiaoti-4",
      "unicode": "e64a",
      "unicode_decimal": 58954
    },
    {
      "icon_id": "10400689",
      "name": "xiaofeihuiyuan",
      "font_class": "weibiaoti-5",
      "unicode": "e64b",
      "unicode_decimal": 58955
    },
    {
      "icon_id": "10452227",
      "name": "Combined Shape",
      "font_class": "CombinedShape",
      "unicode": "e688",
      "unicode_decimal": 59016
    },
    {
      "icon_id": "10452230",
      "name": "shanchuang",
      "font_class": "shanchuang",
      "unicode": "e68a",
      "unicode_decimal": 59018
    },
    {
      "icon_id": "10463464",
      "name": "save",
      "font_class": "save",
      "unicode": "e66e",
      "unicode_decimal": 58990
    },
    {
      "icon_id": "10663748",
      "name": "删除／数字面板编辑态",
      "font_class": "message-close-copy",
      "unicode": "ebd6",
      "unicode_decimal": 60374
    },
    {
      "icon_id": "11092578",
      "name": "gengduo",
      "font_class": "gengduo-shang",
      "unicode": "ebd7",
      "unicode_decimal": 60375
    },
    {
      "icon_id": "11092584",
      "name": "gengduo",
      "font_class": "gengduo-xia",
      "unicode": "ebd8",
      "unicode_decimal": 60376
    },
    {
      "icon_id": "11105077",
      "name": "向下2",
      "font_class": "xiangshang",
      "unicode": "ebd9",
      "unicode_decimal": 60377
    },
    {
      "icon_id": "11124741",
      "name": "向下2",
      "font_class": "xiangshang-copy",
      "unicode": "ebda",
      "unicode_decimal": 60378
    },
    {
      "icon_id": "11184150",
      "name": "duanxinfasongjilu",
      "font_class": "keyibaoyunhuiyuanicon-",
      "unicode": "e679",
      "unicode_decimal": 59001
    },
    {
      "icon_id": "11184151",
      "name": "huiyuanyewubanli",
      "font_class": "keyibaoyunhuiyuanicon-1",
      "unicode": "e67a",
      "unicode_decimal": 59002
    },
    {
      "icon_id": "11184152",
      "name": "huiyuancaozuojilu",
      "font_class": "keyibaoyunhuiyuanicon-2",
      "unicode": "e67b",
      "unicode_decimal": 59003
    },
    {
      "icon_id": "11184153",
      "name": "huiyuanchengzhangzhiguanli",
      "font_class": "keyibaoyunhuiyuanicon-3",
      "unicode": "e67e",
      "unicode_decimal": 59006
    },
    {
      "icon_id": "11184154",
      "name": "huiyuanziliaochaxun",
      "font_class": "keyibaoyunhuiyuanicon-4",
      "unicode": "e67f",
      "unicode_decimal": 59007
    },
    {
      "icon_id": "11184155",
      "name": "huiyuandengji",
      "font_class": "keyibaoyunhuiyuanicon-5",
      "unicode": "e681",
      "unicode_decimal": 59009
    },
    {
      "icon_id": "11184156",
      "name": "zhikaguanli",
      "font_class": "keyibaoyunhuiyuanicon-6",
      "unicode": "e68d",
      "unicode_decimal": 59021
    },
    {
      "icon_id": "11184157",
      "name": "shangpintongbu",
      "font_class": "keyibaoyunhuiyuanicon-7",
      "unicode": "e68e",
      "unicode_decimal": 59022
    },
    {
      "icon_id": "11184158",
      "name": "weixinshouquan",
      "font_class": "keyibaoyunhuiyuanicon-8",
      "unicode": "e68f",
      "unicode_decimal": 59023
    },
    {
      "icon_id": "11184159",
      "name": "zhikaxiangqing",
      "font_class": "keyibaoyunhuiyuanicon-9",
      "unicode": "e690",
      "unicode_decimal": 59024
    },
    {
      "icon_id": "11184160",
      "name": "ziliaofangan",
      "font_class": "keyibaoyunhuiyuanicon-10",
      "unicode": "e691",
      "unicode_decimal": 59025
    },
    {
      "icon_id": "11184161",
      "name": "weixinmobanxiaoxi",
      "font_class": "keyibaoyunhuiyuanicon-11",
      "unicode": "e692",
      "unicode_decimal": 59026
    },
    {
      "icon_id": "11184162",
      "name": "putongyingxiao",
      "font_class": "keyibaoyunhuiyuanicon-12",
      "unicode": "e693",
      "unicode_decimal": 59027
    },
    {
      "icon_id": "11184163",
      "name": "huiyuanbiaoqian",
      "font_class": "keyibaoyunhuiyuanicon-13",
      "unicode": "e694",
      "unicode_decimal": 59028
    },
    {
      "icon_id": "11184164",
      "name": "yetaiguanli",
      "font_class": "keyibaoyunhuiyuanicon-14",
      "unicode": "e695",
      "unicode_decimal": 59029
    },
    {
      "icon_id": "11184165",
      "name": "jiaoseguanli",
      "font_class": "keyibaoyunhuiyuanicon-15",
      "unicode": "e69b",
      "unicode_decimal": 59035
    },
    {
      "icon_id": "11184166",
      "name": "duanxinmobanxiaoxi",
      "font_class": "keyibaoyunhuiyuanicon-16",
      "unicode": "e69c",
      "unicode_decimal": 59036
    },
    {
      "icon_id": "11184167",
      "name": "huiyuanchengzhangzhiliushui",
      "font_class": "keyibaoyunhuiyuanicon-17",
      "unicode": "e69d",
      "unicode_decimal": 59037
    },
    {
      "icon_id": "11184168",
      "name": "huiyuanlaxinyingxiao",
      "font_class": "keyibaoyunhuiyuanicon-18",
      "unicode": "e69e",
      "unicode_decimal": 59038
    },
    {
      "icon_id": "11184169",
      "name": "danbixiaoshoujiangli",
      "font_class": "keyibaoyunhuiyuanicon-19",
      "unicode": "e69f",
      "unicode_decimal": 59039
    },
    {
      "icon_id": "11184170",
      "name": "jigouguanli",
      "font_class": "keyibaoyunhuiyuanicon-20",
      "unicode": "e6a0",
      "unicode_decimal": 59040
    },
    {
      "icon_id": "11184171",
      "name": "yuangongfenzu",
      "font_class": "keyibaoyunhuiyuanicon-21",
      "unicode": "e6a1",
      "unicode_decimal": 59041
    },
    {
      "icon_id": "11184172",
      "name": "huiyuanfenxi",
      "font_class": "keyibaoyunhuiyuanicon-22",
      "unicode": "e6a3",
      "unicode_decimal": 59043
    },
    {
      "icon_id": "11184173",
      "name": "quanshiyongchaxun",
      "font_class": "keyibaoyunhuiyuanicon-23",
      "unicode": "e6a4",
      "unicode_decimal": 59044
    },
    {
      "icon_id": "11184174",
      "name": "saomalinghongbao",
      "font_class": "keyibaoyunhuiyuanicon-24",
      "unicode": "e6a5",
      "unicode_decimal": 59045
    },
    {
      "icon_id": "11184175",
      "name": "jigoushouyinliushui",
      "font_class": "keyibaoyunhuiyuanicon-25",
      "unicode": "e6a6",
      "unicode_decimal": 59046
    },
    {
      "icon_id": "11184176",
      "name": "chongzhijiangliyingxiao",
      "font_class": "keyibaoyunhuiyuanicon-26",
      "unicode": "e6a8",
      "unicode_decimal": 59048
    },
    {
      "icon_id": "11184177",
      "name": "crmxiaoshoushouyinliushui",
      "font_class": "keyibaoyunhuiyuanicon-27",
      "unicode": "e6a9",
      "unicode_decimal": 59049
    },
    {
      "icon_id": "11184178",
      "name": "jichushezhi",
      "font_class": "keyibaoyunhuiyuanicon-28",
      "unicode": "e6aa",
      "unicode_decimal": 59050
    },
    {
      "icon_id": "11184179",
      "name": "quanxinxichaxun",
      "font_class": "keyibaoyunhuiyuanicon-29",
      "unicode": "e6ab",
      "unicode_decimal": 59051
    },
    {
      "icon_id": "11184181",
      "name": "shangpinxiaoshou",
      "font_class": "keyibaoyunhuiyuanicon-31",
      "unicode": "e6b3",
      "unicode_decimal": 59059
    },
    {
      "icon_id": "11184182",
      "name": "xinketongji",
      "font_class": "keyibaoyunhuiyuanicon-32",
      "unicode": "e6b4",
      "unicode_decimal": 59060
    },
    {
      "icon_id": "11184183",
      "name": "jifenfenxi",
      "font_class": "keyibaoyunhuiyuanicon-33",
      "unicode": "e6b5",
      "unicode_decimal": 59061
    },
    {
      "icon_id": "11184184",
      "name": "xiaoshoumingxi",
      "font_class": "keyibaoyunhuiyuanicon-34",
      "unicode": "e6b6",
      "unicode_decimal": 59062
    },
    {
      "icon_id": "11184185",
      "name": "taocanguanli",
      "font_class": "keyibaoyunhuiyuanicon-35",
      "unicode": "e6b7",
      "unicode_decimal": 59063
    },
    {
      "icon_id": "11184186",
      "name": "quanshiyongyingxiao",
      "font_class": "keyibaoyunhuiyuanicon-36",
      "unicode": "e6b8",
      "unicode_decimal": 59064
    },
    {
      "icon_id": "11184187",
      "name": "youhuiquan",
      "font_class": "keyibaoyunhuiyuanicon-37",
      "unicode": "e6ba",
      "unicode_decimal": 59066
    },
    {
      "icon_id": "11184188",
      "name": "huiyuanfenxixiaofeipaiming",
      "font_class": "keyibaoyunhuiyuanicon-38",
      "unicode": "e6be",
      "unicode_decimal": 59070
    },
    {
      "icon_id": "11184189",
      "name": "taocanxinxichaxun",
      "font_class": "keyibaoyunhuiyuanicon-39",
      "unicode": "e6bf",
      "unicode_decimal": 59071
    },
    {
      "icon_id": "11184190",
      "name": "erpyichangliushui",
      "font_class": "keyibaoyunhuiyuanicon-40",
      "unicode": "e6c0",
      "unicode_decimal": 59072
    },
    {
      "icon_id": "11184191",
      "name": "jigouquyu",
      "font_class": "keyibaoyunhuiyuanicon-41",
      "unicode": "e6c1",
      "unicode_decimal": 59073
    },
    {
      "icon_id": "11184192",
      "name": "yuangongguanli",
      "font_class": "keyibaoyunhuiyuanicon-42",
      "unicode": "e6c2",
      "unicode_decimal": 59074
    },
    {
      "icon_id": "11184193",
      "name": "huiyuanhuaxiang",
      "font_class": "keyibaoyunhuiyuanicon-43",
      "unicode": "e6c3",
      "unicode_decimal": 59075
    },
    {
      "icon_id": "11185349",
      "name": "crmerpdingdanduizhang",
      "font_class": "keyibaoyunhuiyuanicon-30",
      "unicode": "e6ae",
      "unicode_decimal": 59054
    }
  ]
}
