{
  "user": [
    {
      "url": "members",
      "icon": "iconfont icon-ziliao",
      "title": "会员",
      "children": [
        {
          "title": "会员业务",
          "icon": "ios-paper",
          "children": [
            {
              "icon": "",
              "description": "简介",
              "url": "MemberBusiness",
              "title": "会员业务办理"
            },
            {
              "icon": "",
              "description": "简介",
              "url": "MemberPortrait",
              "title": "会员画像"
            },
            {
              "icon": "",
              "description": "短信发送记录",
              "url": "MsgSendRecord",
              "title": "短信发送记录"
            }
          ]
        },
        {
          "title": "信息查询",
          "icon": "ios-paper",
          "children": [
            {
              "icon": "",
              "description": "简介",
              "url": "MemberOperationRecords",
              "title": "会员操作记录"
            },
            {
              "icon": "",
              "description": "简介",
              "url": "MemberGrowthValue",
              "title": "会员成长值流水"
            },
            {
              "icon": "",
              "description": "简介",
              "url": "AccountRecords",
              "title": "会员账户操作记录"
            },
            {
              "icon": "",
              "description": "简介",
              "url": "MemberDataQuery",
              "title": "会员资料查询"
            }
          ]
        },
        {
          "title": "基础设置",
          "icon": "ios-paper",
          "children": [
            {
              "icon": "",
              "description": "简介",
              "url": "MemberGrowth",
              "title": "会员成长值管理"
            },
            {
              "icon": "",
              "description": "简介",
              "url": "MemberTag",
              "title": "会员标签"
            },
            {
              "icon": "",
              "description": "简介",
              "url": "MemberLevel",
              "title": "会员等级"
            },
            {
              "icon": "",
              "description": "简介",
              "url": "MemberPrivilege",
              "title": "会员特权"
            }
          ]
        }
      ]
    },
    {
      "url": "basicData",
      "icon": "iconfont icon-ziliao",
      "title": "基础",
      "children": [
        {
          "title": "基础资料方案",
          "icon": "ios-paper",
          "children": [
            {
              "icon": "",
              "description": "简介",
              "url": "basicDataManagement",
              "title": "基础资料方案管理"
            }
          ]
        },
        {
          "title": "终端管理",
          "icon": "ios-paper",
          "children": [
            {
              "icon": "",
              "description": "简介",
              "url": "terminalManagement",
              "title": "终端管理"
            }
          ]
        },
        {
          "title": "业态",
          "icon": "ios-paper",
          "children": [
            {
              "icon": "",
              "description": "简介",
              "url": "formatsManagement",
              "title": "业态管理"
            }
          ]
        },
        {
          "title": "角色",
          "icon": "ios-paper",
          "children": [
            {
              "icon": "",
              "description": "简介",
              "url": "roleManagement",
              "title": "角色管理"
            }
          ]
        },
        {
          "title": "人员",
          "icon": "ios-paper",
          "children": [
            {
              "icon": "",
              "description": "简介",
              "url": "staffManagement",
              "title": "员工管理"
            },
            {
              "icon": "",
              "description": "简介",
              "url": "staffGroup",
              "title": "员工分组"
            }
          ]
        },
        {
          "title": "机构",
          "icon": "ios-paper",
          "children": [
            {
              "icon": "",
              "description": "简介",
              "url": "agencyArea",
              "title": "机构区域"
            },
            {
              "icon": "",
              "description": "简介",
              "url": "institutionsManagement",
              "title": "机构管理"
            }
          ]
        }
      ]
    },
    {
      "url": "Market",
      "icon": "iconfont icon-ziliao",
      "title": "营销",
      "children": [
        {
          "title": "精准营销",
          "icon": "ios-paper",
          "children": [
            {
              "icon": "",
              "description": "简介",
              "url": "MarketCoupons",
              "title": "优惠券"
            },
            {
              "icon": "",
              "description": "简介",
              "url": "MarketAccurate",
              "title": "精准营销方案"
            },
            {
              "icon": "",
              "description": "简介",
              "url": "MarketCustomers",
              "title": "精准客群筛选"
            },
            {
              "icon": "",
              "description": "简介",
              "url": "MarketScreening",
              "title": "筛选条件管理"
            }
          ]
        },
        {
          "title": "类型",
          "icon": "ios-paper",
          "children": [
            {
              "icon": "",
              "description": "简介",
              "url": "MarketOrdinary",
              "title": "普通营销"
            },
            {
              "icon": "",
              "description": "简介",
              "url": "MarketAllChannels",
              "title": "全渠道营销管理"
            },
            {
              "icon": "",
              "description": "简介",
              "url": "MarketMembersNew",
              "title": "会员拉新营销"
            },
            {
              "icon": "",
              "description": "简介",
              "url": "MarketArchUse",
              "title": "券使用营销"
            }
          ]
        },
        {
          "title": "营销奖励",
          "icon": "ios-paper",
          "children": [
            {
              "icon": "",
              "description": "简介",
              "url": "MarketRecharge",
              "title": "充值奖励营销"
            },
            {
              "icon": "",
              "description": "简介",
              "url": "MarketSingle",
              "title": "单笔销售奖励"
            }
          ]
        },
        {
          "title": "信息查询",
          "icon": "ios-paper",
          "children": [
            {
              "icon": "",
              "description": "简介",
              "url": "MarketArchUseQuery",
              "title": "券使用查询"
            },
            {
              "icon": "",
              "description": "简介",
              "url": "MarketArchInfoQuery",
              "title": "券信息查询"
            }
          ]
        }
      ]
    },
    {
      "url": "Combo",
      "icon": "iconfont icon-ziliao",
      "title": "套餐",
      "children": [
        {
          "title": "套餐管理",
          "icon": "ios-paper",
          "children": [
            {
              "icon": "",
              "description": "简介",
              "url": "ComboManagement",
              "title": "套餐管理"
            }
          ]
        }
      ]
    }
  ]
}